{
  "ABIRoot": {
    "kind": "Root",
    "name": "ContactsManager",
    "printedName": "ContactsManager",
    "children": [
      {
        "kind": "Import",
        "name": "Foundation",
        "printedName": "Foundation",
        "declKind": "Import",
        "moduleName": "ContactsManager",
        "declAttributes": [
          "RawDocComment"
        ]
      },
      {
        "kind": "TypeDecl",
        "name": "Array",
        "printedName": "Array",
        "children": [
          {
            "kind": "Subscript",
            "name": "subscript",
            "printedName": "subscript(safe:)",
            "children": [
              {
                "kind": "TypeNominal",
                "name": "Optional",
                "printedName": "τ_0_0?",
                "children": [
                  {
                    "kind": "TypeNominal",
                    "name": "GenericTypeParam",
                    "printedName": "τ_0_0"
                  }
                ],
                "usr": "s:Sq"
              },
              {
                "kind": "TypeNominal",
                "name": "Int",
                "printedName": "Swift.Int",
                "usr": "s:Si"
              }
            ],
            "declKind": "Subscript",
            "usr": "s:Sa15ContactsManagerE4safexSgSi_tcip",
            "mangledName": "$sSa15ContactsManagerE4safexSgSi_tcip",
            "moduleName": "ContactsManager",
            "genericSig": "<τ_0_0>",
            "sugared_genericSig": "<Element>",
            "isFromExtension": true,
            "accessors": [
              {
                "kind": "Accessor",
                "name": "Get",
                "printedName": "Get()",
                "children": [
                  {
                    "kind": "TypeNominal",
                    "name": "Optional",
                    "printedName": "τ_0_0?",
                    "children": [
                      {
                        "kind": "TypeNominal",
                        "name": "GenericTypeParam",
                        "printedName": "τ_0_0"
                      }
                    ],
                    "usr": "s:Sq"
                  },
                  {
                    "kind": "TypeNominal",
                    "name": "Int",
                    "printedName": "Swift.Int",
                    "usr": "s:Si"
                  }
                ],
                "declKind": "Accessor",
                "usr": "s:Sa15ContactsManagerE4safexSgSi_tcig",
                "mangledName": "$sSa15ContactsManagerE4safexSgSi_tcig",
                "moduleName": "ContactsManager",
                "genericSig": "<τ_0_0>",
                "sugared_genericSig": "<Element>",
                "isFromExtension": true,
                "accessorKind": "get"
              }
            ]
          }
        ],
        "declKind": "Struct",
        "usr": "s:Sa",
        "mangledName": "$sSa",
        "moduleName": "Swift",
        "genericSig": "<τ_0_0>",
        "sugared_genericSig": "<Element>",
        "declAttributes": [
          "EagerMove",
          "Frozen"
        ],
        "isExternal": true,
        "conformances": [
          {
            "kind": "Conformance",
            "name": "_DestructorSafeContainer",
            "printedName": "_DestructorSafeContainer",
            "usr": "s:s24_DestructorSafeContainerP",
            "mangledName": "$ss24_DestructorSafeContainerP"
          },
          {
            "kind": "Conformance",
            "name": "Copyable",
            "printedName": "Copyable",
            "usr": "s:s8CopyableP",
            "mangledName": "$ss8CopyableP"
          },
          {
            "kind": "Conformance",
            "name": "Escapable",
            "printedName": "Escapable",
            "usr": "s:s9EscapableP",
            "mangledName": "$ss9EscapableP"
          },
          {
            "kind": "Conformance",
            "name": "_ArrayProtocol",
            "printedName": "_ArrayProtocol",
            "children": [
              {
                "kind": "TypeWitness",
                "name": "_Buffer",
                "printedName": "_Buffer",
                "children": [
                  {
                    "kind": "TypeNominal",
                    "name": "_ArrayBuffer",
                    "printedName": "Swift._ArrayBuffer<τ_0_0>",
                    "children": [
                      {
                        "kind": "TypeNominal",
                        "name": "GenericTypeParam",
                        "printedName": "τ_0_0"
                      }
                    ],
                    "usr": "s:s12_ArrayBufferV"
                  }
                ]
              }
            ],
            "usr": "s:s14_ArrayProtocolP",
            "mangledName": "$ss14_ArrayProtocolP"
          },
          {
            "kind": "Conformance",
            "name": "RandomAccessCollection",
            "printedName": "RandomAccessCollection",
            "children": [
              {
                "kind": "TypeWitness",
                "name": "Element",
                "printedName": "Element",
                "children": [
                  {
                    "kind": "TypeNominal",
                    "name": "GenericTypeParam",
                    "printedName": "τ_0_0"
                  }
                ]
              },
              {
                "kind": "TypeWitness",
                "name": "Index",
                "printedName": "Index",
                "children": [
                  {
                    "kind": "TypeNominal",
                    "name": "Int",
                    "printedName": "Swift.Int",
                    "usr": "s:Si"
                  }
                ]
              },
              {
                "kind": "TypeWitness",
                "name": "SubSequence",
                "printedName": "SubSequence",
                "children": [
                  {
                    "kind": "TypeNominal",
                    "name": "ArraySlice",
                    "printedName": "Swift.ArraySlice<τ_0_0>",
                    "children": [
                      {
                        "kind": "TypeNominal",
                        "name": "GenericTypeParam",
                        "printedName": "τ_0_0"
                      }
                    ],
                    "usr": "s:s10ArraySliceV"
                  }
                ]
              },
              {
                "kind": "TypeWitness",
                "name": "Indices",
                "printedName": "Indices",
                "children": [
                  {
                    "kind": "TypeNominal",
                    "name": "Range",
                    "printedName": "Swift.Range<Swift.Int>",
                    "children": [
                      {
                        "kind": "TypeNominal",
                        "name": "Int",
                        "printedName": "Swift.Int",
                        "usr": "s:Si"
                      }
                    ],
                    "usr": "s:Sn"
                  }
                ]
              }
            ],
            "usr": "s:Sk",
            "mangledName": "$sSk"
          },
          {
            "kind": "Conformance",
            "name": "MutableCollection",
            "printedName": "MutableCollection",
            "children": [
              {
                "kind": "TypeWitness",
                "name": "Element",
                "printedName": "Element",
                "children": [
                  {
                    "kind": "TypeNominal",
                    "name": "GenericTypeParam",
                    "printedName": "τ_0_0"
                  }
                ]
              },
              {
                "kind": "TypeWitness",
                "name": "Index",
                "printedName": "Index",
                "children": [
                  {
                    "kind": "TypeNominal",
                    "name": "Int",
                    "printedName": "Swift.Int",
                    "usr": "s:Si"
                  }
                ]
              },
              {
                "kind": "TypeWitness",
                "name": "SubSequence",
                "printedName": "SubSequence",
                "children": [
                  {
                    "kind": "TypeNominal",
                    "name": "ArraySlice",
                    "printedName": "Swift.ArraySlice<τ_0_0>",
                    "children": [
                      {
                        "kind": "TypeNominal",
                        "name": "GenericTypeParam",
                        "printedName": "τ_0_0"
                      }
                    ],
                    "usr": "s:s10ArraySliceV"
                  }
                ]
              }
            ],
            "usr": "s:SM",
            "mangledName": "$sSM"
          },
          {
            "kind": "Conformance",
            "name": "BidirectionalCollection",
            "printedName": "BidirectionalCollection",
            "children": [
              {
                "kind": "TypeWitness",
                "name": "Element",
                "printedName": "Element",
                "children": [
                  {
                    "kind": "TypeNominal",
                    "name": "GenericTypeParam",
                    "printedName": "τ_0_0"
                  }
                ]
              },
              {
                "kind": "TypeWitness",
                "name": "Index",
                "printedName": "Index",
                "children": [
                  {
                    "kind": "TypeNominal",
                    "name": "Int",
                    "printedName": "Swift.Int",
                    "usr": "s:Si"
                  }
                ]
              },
              {
                "kind": "TypeWitness",
                "name": "SubSequence",
                "printedName": "SubSequence",
                "children": [
                  {
                    "kind": "TypeNominal",
                    "name": "ArraySlice",
                    "printedName": "Swift.ArraySlice<τ_0_0>",
                    "children": [
                      {
                        "kind": "TypeNominal",
                        "name": "GenericTypeParam",
                        "printedName": "τ_0_0"
                      }
                    ],
                    "usr": "s:s10ArraySliceV"
                  }
                ]
              },
              {
                "kind": "TypeWitness",
                "name": "Indices",
                "printedName": "Indices",
                "children": [
                  {
                    "kind": "TypeNominal",
                    "name": "Range",
                    "printedName": "Swift.Range<Swift.Int>",
                    "children": [
                      {
                        "kind": "TypeNominal",
                        "name": "Int",
                        "printedName": "Swift.Int",
                        "usr": "s:Si"
                      }
                    ],
                    "usr": "s:Sn"
                  }
                ]
              }
            ],
            "usr": "s:SK",
            "mangledName": "$sSK"
          },
          {
            "kind": "Conformance",
            "name": "Collection",
            "printedName": "Collection",
            "children": [
              {
                "kind": "TypeWitness",
                "name": "Element",
                "printedName": "Element",
                "children": [
                  {
                    "kind": "TypeNominal",
                    "name": "GenericTypeParam",
                    "printedName": "τ_0_0"
                  }
                ]
              },
              {
                "kind": "TypeWitness",
                "name": "Index",
                "printedName": "Index",
                "children": [
                  {
                    "kind": "TypeNominal",
                    "name": "Int",
                    "printedName": "Swift.Int",
                    "usr": "s:Si"
                  }
                ]
              },
              {
                "kind": "TypeWitness",
                "name": "Iterator",
                "printedName": "Iterator",
                "children": [
                  {
                    "kind": "TypeNominal",
                    "name": "IndexingIterator",
                    "printedName": "Swift.IndexingIterator<[τ_0_0]>",
                    "children": [
                      {
                        "kind": "TypeNominal",
                        "name": "Array",
                        "printedName": "[τ_0_0]",
                        "children": [
                          {
                            "kind": "TypeNominal",
                            "name": "GenericTypeParam",
                            "printedName": "τ_0_0"
                          }
                        ],
                        "usr": "s:Sa"
                      }
                    ],
                    "usr": "s:s16IndexingIteratorV"
                  }
                ]
              },
              {
                "kind": "TypeWitness",
                "name": "SubSequence",
                "printedName": "SubSequence",
                "children": [
                  {
                    "kind": "TypeNominal",
                    "name": "ArraySlice",
                    "printedName": "Swift.ArraySlice<τ_0_0>",
                    "children": [
                      {
                        "kind": "TypeNominal",
                        "name": "GenericTypeParam",
                        "printedName": "τ_0_0"
                      }
                    ],
                    "usr": "s:s10ArraySliceV"
                  }
                ]
              },
              {
                "kind": "TypeWitness",
                "name": "Indices",
                "printedName": "Indices",
                "children": [
                  {
                    "kind": "TypeNominal",
                    "name": "Range",
                    "printedName": "Swift.Range<Swift.Int>",
                    "children": [
                      {
                        "kind": "TypeNominal",
                        "name": "Int",
                        "printedName": "Swift.Int",
                        "usr": "s:Si"
                      }
                    ],
                    "usr": "s:Sn"
                  }
                ]
              }
            ],
            "usr": "s:Sl",
            "mangledName": "$sSl"
          },
          {
            "kind": "Conformance",
            "name": "Sequence",
            "printedName": "Sequence",
            "children": [
              {
                "kind": "TypeWitness",
                "name": "Element",
                "printedName": "Element",
                "children": [
                  {
                    "kind": "TypeNominal",
                    "name": "GenericTypeParam",
                    "printedName": "τ_0_0"
                  }
                ]
              },
              {
                "kind": "TypeWitness",
                "name": "Iterator",
                "printedName": "Iterator",
                "children": [
                  {
                    "kind": "TypeNominal",
                    "name": "IndexingIterator",
                    "printedName": "Swift.IndexingIterator<[τ_0_0]>",
                    "children": [
                      {
                        "kind": "TypeNominal",
                        "name": "Array",
                        "printedName": "[τ_0_0]",
                        "children": [
                          {
                            "kind": "TypeNominal",
                            "name": "GenericTypeParam",
                            "printedName": "τ_0_0"
                          }
                        ],
                        "usr": "s:Sa"
                      }
                    ],
                    "usr": "s:s16IndexingIteratorV"
                  }
                ]
              }
            ],
            "usr": "s:ST",
            "mangledName": "$sST"
          },
          {
            "kind": "Conformance",
            "name": "ExpressibleByArrayLiteral",
            "printedName": "ExpressibleByArrayLiteral",
            "children": [
              {
                "kind": "TypeWitness",
                "name": "ArrayLiteralElement",
                "printedName": "ArrayLiteralElement",
                "children": [
                  {
                    "kind": "TypeNominal",
                    "name": "GenericTypeParam",
                    "printedName": "τ_0_0"
                  }
                ]
              }
            ],
            "usr": "s:s25ExpressibleByArrayLiteralP",
            "mangledName": "$ss25ExpressibleByArrayLiteralP"
          },
          {
            "kind": "Conformance",
            "name": "RangeReplaceableCollection",
            "printedName": "RangeReplaceableCollection",
            "children": [
              {
                "kind": "TypeWitness",
                "name": "SubSequence",
                "printedName": "SubSequence",
                "children": [
                  {
                    "kind": "TypeNominal",
                    "name": "ArraySlice",
                    "printedName": "Swift.ArraySlice<τ_0_0>",
                    "children": [
                      {
                        "kind": "TypeNominal",
                        "name": "GenericTypeParam",
                        "printedName": "τ_0_0"
                      }
                    ],
                    "usr": "s:s10ArraySliceV"
                  }
                ]
              }
            ],
            "usr": "s:Sm",
            "mangledName": "$sSm"
          },
          {
            "kind": "Conformance",
            "name": "CustomReflectable",
            "printedName": "CustomReflectable",
            "usr": "s:s17CustomReflectableP",
            "mangledName": "$ss17CustomReflectableP"
          },
          {
            "kind": "Conformance",
            "name": "CustomStringConvertible",
            "printedName": "CustomStringConvertible",
            "usr": "s:s23CustomStringConvertibleP",
            "mangledName": "$ss23CustomStringConvertibleP"
          },
          {
            "kind": "Conformance",
            "name": "CustomDebugStringConvertible",
            "printedName": "CustomDebugStringConvertible",
            "usr": "s:s28CustomDebugStringConvertibleP",
            "mangledName": "$ss28CustomDebugStringConvertibleP"
          },
          {
            "kind": "Conformance",
            "name": "Equatable",
            "printedName": "Equatable",
            "usr": "s:SQ",
            "mangledName": "$sSQ"
          },
          {
            "kind": "Conformance",
            "name": "Hashable",
            "printedName": "Hashable",
            "usr": "s:SH",
            "mangledName": "$sSH"
          },
          {
            "kind": "Conformance",
            "name": "_HasCustomAnyHashableRepresentation",
            "printedName": "_HasCustomAnyHashableRepresentation",
            "usr": "s:s35_HasCustomAnyHashableRepresentationP",
            "mangledName": "$ss35_HasCustomAnyHashableRepresentationP"
          },
          {
            "kind": "Conformance",
            "name": "Sendable",
            "printedName": "Sendable",
            "usr": "s:s8SendableP",
            "mangledName": "$ss8SendableP"
          },
          {
            "kind": "Conformance",
            "name": "Encodable",
            "printedName": "Encodable",
            "usr": "s:SE",
            "mangledName": "$sSE"
          },
          {
            "kind": "Conformance",
            "name": "Decodable",
            "printedName": "Decodable",
            "usr": "s:Se",
            "mangledName": "$sSe"
          },
          {
            "kind": "Conformance",
            "name": "_HasContiguousBytes",
            "printedName": "_HasContiguousBytes",
            "usr": "s:s19_HasContiguousBytesP",
            "mangledName": "$ss19_HasContiguousBytesP"
          },
          {
            "kind": "Conformance",
            "name": "_ObjectiveCBridgeable",
            "printedName": "_ObjectiveCBridgeable",
            "children": [
              {
                "kind": "TypeWitness",
                "name": "_ObjectiveCType",
                "printedName": "_ObjectiveCType",
                "children": [
                  {
                    "kind": "TypeNominal",
                    "name": "NSArray",
                    "printedName": "Foundation.NSArray",
                    "usr": "c:objc(cs)NSArray"
                  }
                ]
              }
            ],
            "usr": "s:s21_ObjectiveCBridgeableP",
            "mangledName": "$ss21_ObjectiveCBridgeableP"
          },
          {
            "kind": "Conformance",
            "name": "CVarArg",
            "printedName": "CVarArg",
            "usr": "s:s7CVarArgP",
            "mangledName": "$ss7CVarArgP"
          },
          {
            "kind": "Conformance",
            "name": "ContiguousBytes",
            "printedName": "ContiguousBytes",
            "usr": "s:10Foundation15ContiguousBytesP",
            "mangledName": "$s10Foundation15ContiguousBytesP"
          },
          {
            "kind": "Conformance",
            "name": "EncodableWithConfiguration",
            "printedName": "EncodableWithConfiguration",
            "children": [
              {
                "kind": "TypeWitness",
                "name": "EncodingConfiguration",
                "printedName": "EncodingConfiguration",
                "children": [
                  {
                    "kind": "TypeNominal",
                    "name": "DependentMember",
                    "printedName": "τ_0_0.EncodingConfiguration"
                  }
                ]
              }
            ],
            "usr": "s:10Foundation26EncodableWithConfigurationP",
            "mangledName": "$s10Foundation26EncodableWithConfigurationP"
          },
          {
            "kind": "Conformance",
            "name": "DecodableWithConfiguration",
            "printedName": "DecodableWithConfiguration",
            "children": [
              {
                "kind": "TypeWitness",
                "name": "DecodingConfiguration",
                "printedName": "DecodingConfiguration",
                "children": [
                  {
                    "kind": "TypeNominal",
                    "name": "DependentMember",
                    "printedName": "τ_0_0.DecodingConfiguration"
                  }
                ]
              }
            ],
            "usr": "s:10Foundation26DecodableWithConfigurationP",
            "mangledName": "$s10Foundation26DecodableWithConfigurationP"
          },
          {
            "kind": "Conformance",
            "name": "DataProtocol",
            "printedName": "DataProtocol",
            "children": [
              {
                "kind": "TypeWitness",
                "name": "Regions",
                "printedName": "Regions",
                "children": [
                  {
                    "kind": "TypeNominal",
                    "name": "CollectionOfOne",
                    "printedName": "Swift.CollectionOfOne<[Swift.UInt8]>",
                    "children": [
                      {
                        "kind": "TypeNominal",
                        "name": "Array",
                        "printedName": "[Swift.UInt8]",
                        "children": [
                          {
                            "kind": "TypeNominal",
                            "name": "UInt8",
                            "printedName": "Swift.UInt8",
                            "usr": "s:s5UInt8V"
                          }
                        ],
                        "usr": "s:Sa"
                      }
                    ],
                    "usr": "s:s15CollectionOfOneV"
                  }
                ]
              }
            ],
            "usr": "s:10Foundation12DataProtocolP",
            "mangledName": "$s10Foundation12DataProtocolP"
          },
          {
            "kind": "Conformance",
            "name": "MutableDataProtocol",
            "printedName": "MutableDataProtocol",
            "usr": "s:10Foundation19MutableDataProtocolP",
            "mangledName": "$s10Foundation19MutableDataProtocolP"
          }
        ]
      }
    ],
    "json_format_version": 8
  },
  "ConstValues": []
}